reporterCode,reporterISO,flowCode,cmdCode,refYear,partnerCode,partnerISO,partnerDesc,primaryValue,netWgt
156,,X,TOTAL,2018,0,,World,2486439719803.0,0.0
156,,X,TOTAL,2018,4,,Afghanistan,667589880.0,0.0
156,,X,TOTAL,2018,8,,Albania,539905479.0,0.0
156,,X,TOTAL,2018,12,,Algeria,7926453796.0,0.0
156,,X,TOTAL,2018,20,,Andorra,1866569.0,0.0
156,,X,TOTAL,2018,24,,Angola,2253137107.0,0.0
156,,X,TOTAL,2018,28,,Antigua and Barbuda,55360230.0,0.0
156,,X,TOTAL,2018,31,,Azerbaijan,515927900.0,0.0
156,,X,TOTAL,2018,32,,Argentina,8418070603.0,0.0
156,,X,TOTAL,2018,36,,Australia,47330059327.0,0.0
156,,X,TOTAL,2018,40,,Austria,2827536774.0,0.0
156,,X,TOTAL,2018,44,,Bahamas,480030354.0,0.0
156,,X,TOTAL,2018,48,,Bahrain,1135521751.0,0.0
156,,X,TOTAL,2018,50,,Bangladesh,17753058743.0,0.0
156,,X,TOTAL,2018,51,,Armenia,213183600.0,0.0
156,,X,TOTAL,2018,52,,Barbados,136730845.0,0.0
156,,X,TOTAL,2018,56,,Belgium,17055064983.0,0.0
156,,X,TOTAL,2018,60,,Bermuda,169297717.0,0.0
156,,X,TOTAL,2018,64,,Bhutan,12833463.0,0.0
156,,X,TOTAL,2018,68,,Bolivia (Plurinational State of),836168829.0,0.0
156,,X,TOTAL,2018,70,,Bosnia Herzegovina,109717605.0,0.0
156,,X,TOTAL,2018,72,,Botswana,281603044.0,0.0
156,,X,TOTAL,2018,76,,Brazil,33665139187.0,0.0
156,,X,TOTAL,2018,84,,Belize,92665989.0,0.0
156,,X,TOTAL,2018,90,,Solomon Isds,118241185.0,0.0
156,,X,TOTAL,2018,92,,Br. Virgin Isds,36815902.0,0.0
156,,X,TOTAL,2018,96,,Brunei Darussalam,1591947673.0,0.0
156,,X,TOTAL,2018,100,,Bulgaria,1440253159.0,0.0
156,,X,TOTAL,2018,104,,Myanmar,10547768498.0,0.0
156,,X,TOTAL,2018,108,,Burundi,37323909.0,0.0
156,,X,TOTAL,2018,112,,Belarus,1141588557.0,0.0
156,,X,TOTAL,2018,116,,Cambodia,6007522816.0,0.0
156,,X,TOTAL,2018,120,,Cameroon,1694219829.0,0.0
156,,X,TOTAL,2018,124,,Canada,35153242971.0,0.0
156,,X,TOTAL,2018,132,,Cabo Verde,78265751.0,0.0
156,,X,TOTAL,2018,136,,Cayman Isds,101160758.0,0.0
156,,X,TOTAL,2018,140,,Central African Rep.,18937226.0,0.0
156,,X,TOTAL,2018,144,,Sri Lanka,4255048856.0,0.0
156,,X,TOTAL,2018,148,,Chad,184585137.0,0.0
156,,X,TOTAL,2018,152,,Chile,15873631082.0,0.0
156,,X,TOTAL,2018,170,,Colombia,8717649793.0,0.0
156,,X,TOTAL,2018,174,,Comoros,79195763.0,0.0
156,,X,TOTAL,2018,178,,Congo,445960992.0,0.0
156,,X,TOTAL,2018,180,,Dem. Rep. of the Congo,1773248149.0,0.0
156,,X,TOTAL,2018,184,,Cook Isds,5186613.0,0.0
156,,X,TOTAL,2018,188,,Costa Rica,1662733837.0,0.0
156,,X,TOTAL,2018,191,,Croatia,1327161765.0,0.0
156,,X,TOTAL,2018,192,,Cuba,1075538308.0,0.0
156,,X,TOTAL,2018,196,,Cyprus,738123995.0,0.0
156,,X,TOTAL,2018,203,,Czechia,11909582970.0,0.0
156,,X,TOTAL,2018,204,,Benin,2149947724.0,0.0
156,,X,TOTAL,2018,208,,Denmark,7291749105.0,0.0
156,,X,TOTAL,2018,212,,Dominica,34496779.0,0.0
156,,X,TOTAL,2018,214,,Dominican Rep.,2108382658.0,0.0
156,,X,TOTAL,2018,218,,Ecuador,3717829868.0,0.0
156,,X,TOTAL,2018,222,,El Salvador,927224392.0,0.0
156,,X,TOTAL,2018,226,,Equatorial Guinea,145146401.0,0.0
156,,X,TOTAL,2018,231,,Ethiopia,2530872058.0,0.0
156,,X,TOTAL,2018,232,,Eritrea,42844836.0,0.0
156,,X,TOTAL,2018,233,,Estonia,1031507305.0,0.0
156,,X,TOTAL,2018,234,,Faroe Isds,2667050.0,0.0
156,,X,TOTAL,2018,242,,Fiji,456669990.0,0.0
156,,X,TOTAL,2018,246,,Finland,3085764482.0,0.0
156,,X,TOTAL,2018,251,,France,31085267736.0,0.0
156,,X,TOTAL,2018,258,,French Polynesia,77598602.0,0.0
156,,X,TOTAL,2018,262,,Djibouti,1863779312.0,0.0
156,,X,TOTAL,2018,266,,Gabon,385857934.0,0.0
156,,X,TOTAL,2018,268,,Georgia,1095539847.0,0.0
156,,X,TOTAL,2018,270,,Gambia,426190569.0,0.0
156,,X,TOTAL,2018,275,,State of Palestine,73360727.0,0.0
156,,X,TOTAL,2018,276,,Germany,77489342157.0,0.0
156,,X,TOTAL,2018,288,,Ghana,4813948402.0,0.0
156,,X,TOTAL,2018,292,,Gibraltar,2757191.0,0.0
156,,X,TOTAL,2018,296,,Kiribati,17835689.0,0.0
156,,X,TOTAL,2018,300,,Greece,6498320340.0,0.0
156,,X,TOTAL,2018,304,,Greenland,3974187.0,0.0
156,,X,TOTAL,2018,308,,Grenada,13145871.0,0.0
156,,X,TOTAL,2018,320,,Guatemala,2332891573.0,0.0
156,,X,TOTAL,2018,324,,Guinea,1353497391.0,0.0
156,,X,TOTAL,2018,328,,Guyana,222033870.0,0.0
156,,X,TOTAL,2018,332,,Haiti,615900510.0,0.0
156,,X,TOTAL,2018,336,,Holy See (Vatican City State),6549.0,0.0
156,,X,TOTAL,2018,340,,Honduras,987730881.0,0.0
156,,X,TOTAL,2018,344,,"China, Hong Kong SAR",301701551245.0,0.0
156,,X,TOTAL,2018,348,,Hungary,6540213642.0,0.0
156,,X,TOTAL,2018,352,,Iceland,255576581.0,0.0
156,,X,TOTAL,2018,360,,Indonesia,43191405110.0,0.0
156,,X,TOTAL,2018,364,,Iran,13939733385.0,0.0
156,,X,TOTAL,2018,368,,Iraq,7903323801.0,0.0
156,,X,TOTAL,2018,372,,Ireland,3649884548.0,0.0
156,,X,TOTAL,2018,376,,Israel,9274415805.0,0.0
156,,X,TOTAL,2018,380,,Italy,33171610391.0,0.0
156,,X,TOTAL,2018,384,,Côte d'Ivoire,1891789145.0,0.0
156,,X,TOTAL,2018,388,,Jamaica,583319440.0,0.0
156,,X,TOTAL,2018,392,,Japan,147048752770.0,0.0
156,,X,TOTAL,2018,398,,Kazakhstan,11351714305.0,0.0
156,,X,TOTAL,2018,400,,Jordan,2969485486.0,0.0
156,,X,TOTAL,2018,404,,Kenya,5197200781.0,0.0
156,,X,TOTAL,2018,408,,Dem. People's Rep. of Korea,2217062020.0,0.0
156,,X,TOTAL,2018,410,,Rep. of Korea,108756144034.0,0.0
156,,X,TOTAL,2018,414,,Kuwait,3312647899.0,0.0
156,,X,TOTAL,2018,417,,Kyrgyzstan,5556792814.0,0.0
156,,X,TOTAL,2018,418,,Lao People's Dem. Rep.,1453994918.0,0.0
156,,X,TOTAL,2018,422,,Lebanon,1969283583.0,0.0
156,,X,TOTAL,2018,426,,Lesotho,64138814.0,0.0
156,,X,TOTAL,2018,428,,Latvia,1166088455.0,0.0
156,,X,TOTAL,2018,430,,Liberia,1954481823.0,0.0
156,,X,TOTAL,2018,434,,Libya,1428232614.0,0.0
156,,X,TOTAL,2018,440,,Lithuania,1762954944.0,0.0
156,,X,TOTAL,2018,442,,Luxembourg,805571722.0,0.0
156,,X,TOTAL,2018,446,,"China, Macao SAR",3151554166.0,0.0
156,,X,TOTAL,2018,450,,Madagascar,1010076596.0,0.0
156,,X,TOTAL,2018,454,,Malawi,221601751.0,0.0
156,,X,TOTAL,2018,458,,Malaysia,45375989580.0,0.0
156,,X,TOTAL,2018,462,,Maldives,396173017.0,0.0
156,,X,TOTAL,2018,466,,Mali,345506314.0,0.0
156,,X,TOTAL,2018,470,,Malta,1431997634.0,0.0
156,,X,TOTAL,2018,473,,"LAIA, nes",2889053.0,0.0
156,,X,TOTAL,2018,478,,Mauritania,1036857652.0,0.0
156,,X,TOTAL,2018,480,,Mauritius,804175970.0,0.0
156,,X,TOTAL,2018,484,,Mexico,44009918081.0,0.0
156,,X,TOTAL,2018,490,,"Other Asia, nes",48660642734.0,0.0
156,,X,TOTAL,2018,496,,Mongolia,1644889011.0,0.0
156,,X,TOTAL,2018,498,,Rep. of Moldova,108694736.0,0.0
156,,X,TOTAL,2018,499,,Montenegro,178096766.0,0.0
156,,X,TOTAL,2018,500,,Montserrat,335279.0,0.0
156,,X,TOTAL,2018,504,,Morocco,3680912932.0,0.0
156,,X,TOTAL,2018,508,,Mozambique,1861780970.0,0.0
156,,X,TOTAL,2018,512,,Oman,2864610829.0,0.0
156,,X,TOTAL,2018,516,,Namibia,323711070.0,0.0
156,,X,TOTAL,2018,520,,Naoero,1911171.0,0.0
156,,X,TOTAL,2018,524,,Nepal,1077367657.0,0.0
156,,X,TOTAL,2018,528,,Netherlands,72834750636.0,0.0
156,,X,TOTAL,2018,531,,Curaçao,69691179.0,0.0
156,,X,TOTAL,2018,533,,Aruba,32369729.0,0.0
156,,X,TOTAL,2018,535,,Bonaire,635526.0,0.0
156,,X,TOTAL,2018,540,,New Caledonia,134093699.0,0.0
156,,X,TOTAL,2018,548,,Vanuatu,63418315.0,0.0
156,,X,TOTAL,2018,554,,New Zealand,5774696085.0,0.0
156,,X,TOTAL,2018,558,,Nicaragua,473995020.0,0.0
156,,X,TOTAL,2018,562,,Niger,116256818.0,0.0
156,,X,TOTAL,2018,566,,Nigeria,13404782454.0,0.0
156,,X,TOTAL,2018,568,,"Other Europe, nes",3158.0,0.0
156,,X,TOTAL,2018,574,,Norfolk Isds,1973781.0,0.0
156,,X,TOTAL,2018,577,,"Other Africa, nes",7737641.0,0.0
156,,X,TOTAL,2018,579,,Norway,2650995369.0,0.0
156,,X,TOTAL,2018,583,,FS Micronesia,18541439.0,0.0
156,,X,TOTAL,2018,584,,Marshall Isds,2165449309.0,0.0
156,,X,TOTAL,2018,585,,Palau,13725828.0,0.0
156,,X,TOTAL,2018,586,,Pakistan,16933316648.0,0.0
156,,X,TOTAL,2018,591,,Panama,6940132111.0,0.0
156,,X,TOTAL,2018,598,,Papua New Guinea,785575404.0,0.0
156,,X,TOTAL,2018,600,,Paraguay,1671047147.0,0.0
156,,X,TOTAL,2018,604,,Peru,8064691821.0,0.0
156,,X,TOTAL,2018,608,,Philippines,35036641694.0,0.0
156,,X,TOTAL,2018,616,,Poland,20876212491.0,0.0
156,,X,TOTAL,2018,620,,Portugal,3750198143.0,0.0
156,,X,TOTAL,2018,624,,Guinea-Bissau,29831705.0,0.0
156,,X,TOTAL,2018,626,,Timor-Leste,132389717.0,0.0
156,,X,TOTAL,2018,634,,Qatar,2482414272.0,0.0
156,,X,TOTAL,2018,637,,"North America and Central America, nes",592872.0,0.0
156,,X,TOTAL,2018,642,,Romania,4507105972.0,0.0
156,,X,TOTAL,2018,643,,Russian Federation,47965272790.0,0.0
156,,X,TOTAL,2018,646,,Rwanda,165589576.0,0.0
156,,X,TOTAL,2018,659,,Saint Kitts and Nevis,11538742.0,0.0
156,,X,TOTAL,2018,662,,Saint Lucia,18859327.0,0.0
156,,X,TOTAL,2018,666,,Saint Pierre and Miquelon,16000.0,0.0
156,,X,TOTAL,2018,670,,Saint Vincent and the Grenadines,36963241.0,0.0
156,,X,TOTAL,2018,674,,San Marino,3704418.0,0.0
156,,X,TOTAL,2018,678,,Sao Tome and Principe,7255124.0,0.0
156,,X,TOTAL,2018,682,,Saudi Arabia,17428036040.0,0.0
156,,X,TOTAL,2018,686,,Senegal,2142850855.0,0.0
156,,X,TOTAL,2018,688,,Serbia,728300955.0,0.0
156,,X,TOTAL,2018,690,,Seychelles,61327471.0,0.0
156,,X,TOTAL,2018,694,,Sierra Leone,253022227.0,0.0
156,,X,TOTAL,2018,699,,India,76675655636.0,0.0
156,,X,TOTAL,2018,702,,Singapore,49042623656.0,0.0
156,,X,TOTAL,2018,703,,Slovakia,2535850030.0,0.0
156,,X,TOTAL,2018,704,,Viet Nam,83876687840.0,0.0
156,,X,TOTAL,2018,705,,Slovenia,4424233623.0,0.0
156,,X,TOTAL,2018,706,,Somalia,635452079.0,0.0
156,,X,TOTAL,2018,710,,South Africa,16248380726.0,0.0
156,,X,TOTAL,2018,716,,Zimbabwe,445675508.0,0.0
156,,X,TOTAL,2018,724,,Spain,24955165377.0,0.0
156,,X,TOTAL,2018,728,,South Sudan,77165418.0,0.0
156,,X,TOTAL,2018,729,,Sudan,1880402233.0,0.0
156,,X,TOTAL,2018,732,,Western Sahara,43844.0,0.0
156,,X,TOTAL,2018,740,,Suriname,214859758.0,0.0
156,,X,TOTAL,2018,748,,Eswatini,36402059.0,0.0
156,,X,TOTAL,2018,752,,Sweden,8190858693.0,0.0
156,,X,TOTAL,2018,757,,Switzerland,4067598648.0,0.0
156,,X,TOTAL,2018,760,,Syria,1272771864.0,0.0
156,,X,TOTAL,2018,762,,Tajikistan,1429081839.0,0.0
156,,X,TOTAL,2018,764,,Thailand,42878717313.0,0.0
156,,X,TOTAL,2018,768,,Togo,1989244980.0,0.0
156,,X,TOTAL,2018,776,,Tonga,24947018.0,0.0
156,,X,TOTAL,2018,780,,Trinidad and Tobago,347128080.0,0.0
156,,X,TOTAL,2018,784,,United Arab Emirates,29651248093.0,0.0
156,,X,TOTAL,2018,788,,Tunisia,1414600349.0,0.0
156,,X,TOTAL,2018,792,,Türkiye,17788595000.0,0.0
156,,X,TOTAL,2018,795,,Turkmenistan,316925319.0,0.0
156,,X,TOTAL,2018,796,,Turks and Caicos Isds,3006764.0,0.0
156,,X,TOTAL,2018,798,,Tuvalu,12424857.0,0.0
156,,X,TOTAL,2018,800,,Uganda,706396348.0,0.0
156,,X,TOTAL,2018,804,,Ukraine,7018501720.0,0.0
156,,X,TOTAL,2018,807,,North Macedonia,105743973.0,0.0
156,,X,TOTAL,2018,818,,Egypt,11987207508.0,0.0
156,,X,TOTAL,2018,826,,United Kingdom,56542925410.0,0.0
156,,X,TOTAL,2018,834,,United Rep. of Tanzania,3583139970.0,0.0
156,,X,TOTAL,2018,842,,USA,479278747159.0,0.0
156,,X,TOTAL,2018,854,,Burkina Faso,222995515.0,0.0
156,,X,TOTAL,2018,858,,Uruguay,2064424755.0,0.0
156,,X,TOTAL,2018,860,,Uzbekistan,3944730748.0,0.0
156,,X,TOTAL,2018,862,,Venezuela,1145790083.0,0.0
156,,X,TOTAL,2018,876,,Wallis and Futuna Isds,293991.0,0.0
156,,X,TOTAL,2018,882,,Samoa,70608967.0,0.0
156,,X,TOTAL,2018,887,,Yemen,1874607943.0,0.0
156,,X,TOTAL,2018,894,,Zambia,969490544.0,0.0
156,,X,TOTAL,2018,899,,"Areas, nes",9361517.0,0.0
