grupo,rank_pos,rank_pre,var_rank,destino,partnerCode,media_2013_17_usd,media_2019_24_usd,share_pre_%,share_pos_%
TOTAL,1,1,0,USA,842,398429651714.4,508269337438.5,17.8096564824633,16.08937754924251
TOTAL,2,2,0,"China, Hong Kong SAR",344,328900001313.0,293322884234.6667,14.701707102525257,9.285200346864022
TOTAL,3,3,0,Japan,392,140333558591.4,155483853863.83334,6.272857606657245,4.92187555565293
TOTAL,4,4,0,Rep. of Korea,410,97839133210.6,137869265245.83334,4.373372678275933,4.364281882822167
TOTAL,5,6,1,Viet Nam,704,62208935411.8,132381492363.33333,2.7807161566832312,4.190565226499728
TOTAL,6,5,-1,Germany,276,69109762751.6,100757954257.0,3.089180558963026,3.1895151796882395
TOTAL,7,8,1,India,699,57463574625.0,99092563529.0,2.56860030352168,3.1367968702878772
TOTAL,8,7,-1,Netherlands,528,61855104902.6,93927837990.0,2.7649000651981925,2.9733063486011533
TOTAL,9,11,2,Russian Federation,643,43639038780.4,78297253523.0,1.9506487194404987,2.478516763078855
TOTAL,10,13,3,Malaysia,458,43127389254.0,77897822429.16667,1.9277781768857722,2.4658726840439495
TOTAL,11,9,-2,United Kingdom,826,56005584404.2,76458799200.16667,2.503428685707823,2.420320087559979
TOTAL,12,12,0,"Taiwan (Other Asia, nes)",490,43205780920.4,69784022567.66667,1.9312822550678665,2.209028566732897
TOTAL,13,18,5,Mexico,484,32655095948.6,67893560942.5,1.4596705811025505,2.149185588632056
TOTAL,14,15,1,Thailand,764,36204478716.6,67427740693.333336,1.6183266639288532,2.1344399462986123
TOTAL,15,10,-5,Singapore,702,47240146497.6,67284311060.666664,2.1116168881591566,2.129899649763406
TOTAL,16,14,-2,Australia,36,39145469309.8,65096774377.333336,1.7497878439832768,2.0606526954254885
TOTAL,17,16,-1,Indonesia,360,35441387871.6,59941844309.333336,1.584216788431674,1.8974722515254472
TOTAL,18,19,1,Brazil,76,29824904431.8,52816724568.333336,1.3331620783420166,1.6719250206532303
TOTAL,19,23,4,Philippines,608,26382998576.4,51316161347.333336,1.1793101733297031,1.624424362201455
TOTAL,20,17,-3,United Arab Emirates,784,33651377439.4,47323036356.833336,1.5042039912908645,1.498021113291631
TOTAL,21,20,-1,Canada,124,29466143785.6,45777446653.166664,1.3171256115761631,1.449095131638205
TOTAL,22,21,-1,Italy,380,27580780283.8,41895402542.166664,1.2328505678710802,1.3262081723747023
TOTAL,23,22,-1,France,251,27179580566.4,41647899284.166664,1.2149170904880333,1.3183734023633962
TOTAL,24,24,0,Spain,724,21303668817.4,35412269660.666664,0.9522660319619646,1.1209831765918643
TOTAL,25,25,0,Saudi Arabia,682,19590779678.0,35341443544.333336,0.8757005277782465,1.1187411603180195
TOTAL,26,31,5,Poland,616,14828732398.0,33714116903.0,0.6628387946087432,1.067227777944209
TOTAL,27,27,0,Türkiye,792,18093687527.4,29596596558.0,0.8087810683202181,0.9368867667565957
TOTAL,28,28,0,Belgium,56,15890894601.4,28321477631.833332,0.7103170480213936,0.8965225969904771
TOTAL,29,33,4,Bangladesh,50,12970344605.8,21476226632.5,0.5797695550381654,0.6798346726261043
TOTAL,30,30,0,South Africa,710,15209223573.8,20371917085.333332,0.679846607923963,0.6448775112810184
SEMICOND,1,1,0,"China, Hong Kong SAR",344,44521369672.0,64211887368.5,55.55349098497714,42.59290400020696
SEMICOND,2,3,1,Rep. of Korea,410,7466065838.6,19690930828.833332,9.31611098925292,13.061349865860604
SEMICOND,3,2,-1,"Taiwan (Other Asia, nes)",490,9472163164.4,19307439726.666668,11.81930688203127,12.80697329527671
SEMICOND,4,8,4,Viet Nam,704,1612804080.4,13301860646.833334,2.012447002442161,8.823364283053904
SEMICOND,5,5,0,Malaysia,458,2981132746.4,8948679742.833334,3.719839087886553,5.935820808812968
SEMICOND,6,4,-2,Singapore,702,5227707940.8,5563814811.0,6.523101784623958,3.6905787982819183
SEMICOND,7,12,5,India,699,447203864.4,4361914688.5,0.5580182288285899,2.8933367511560366
SEMICOND,8,7,-1,Japan,392,2157251717.2,2936065256.5,2.691805411799071,1.9475450844604076
SEMICOND,9,6,-3,USA,842,2262428879.4,2220699094.8333335,2.8230448272786424,1.473029796130601
SEMICOND,10,9,-1,Germany,276,865015962.6,1817366786.1666667,1.0793615927405429,1.205492195115487
SEMICOND,11,10,-1,Philippines,608,524205399.2,1729059650.8333333,0.6541002698991165,1.1469164781894168
SEMICOND,12,14,2,Thailand,764,343330332.0,1367579062.3333333,0.42840547458778117,0.9071398786392256
SEMICOND,13,11,-2,Brazil,76,500238309.2,987566601.1666666,0.6241942825483162,0.6550707534246568
SEMICOND,14,15,1,Netherlands,528,237442419.2,815223841.3333334,0.29627918888520133,0.5407526898146329
SEMICOND,15,16,1,Mexico,484,145354515.0,812231602.3333334,0.18137246895520945,0.5387678836720992
SEMICOND,16,19,3,Indonesia,360,81078445.2,504152803.6666667,0.10116918476852027,0.3344136552906176
SEMICOND,17,13,-4,France,251,426595225.2,378521812.0,0.5323028957100341,0.2510803507141486
SEMICOND,18,27,9,Russian Federation,643,30288549.2,156407738.66666666,0.03779386522307432,0.10374807642216814
SEMICOND,19,34,15,Czechia,203,12958609.8,129376126.33333333,0.016169673529942797,0.08581752000545564
SEMICOND,20,25,5,Türkiye,792,35667734.2,122013173.83333333,0.044505979149613364,0.08093354070126797
SEMICOND,21,29,8,Hungary,348,22772539.4,118062125.5,0.02841543446626191,0.07831273902016991
SEMICOND,22,18,-4,United Kingdom,826,85151382.0,111013365.83333333,0.106251370232897,0.07363716949392446
SEMICOND,23,43,20,Bangladesh,50,7274596.4,102702936.33333333,0.009077196602531944,0.06812471159243579
SEMICOND,24,23,-1,Finland,246,42611873.8,88635726.83333333,0.053170833791532396,0.058793677599527076
SEMICOND,25,20,-5,Poland,616,58042431.4,76450934.5,0.07242498856799442,0.050711284893364086
SEMICOND,26,50,24,Belgium,56,4636498.8,72525859.0,0.005785394658458775,0.04810771146145969
SEMICOND,27,24,-3,Canada,124,36261458.4,63714027.0,0.04524682455116457,0.042262664230749085
SEMICOND,28,26,-2,Italy,380,32829462.0,62165329.5,0.04096440057201683,0.04123538522298051
SEMICOND,29,35,6,"China, Macao SAR",446,12841699.4,53523073.833333336,0.01602379345257099,0.035502821035244866
SEMICOND,30,47,17,Spain,724,5023871.4,50591600.0,0.006268755803914758,0.03355832152465211
