grupo,ano,mundo_usd,China_%,Taiwan_%,Coreia do Sul_%,Vietnã_%,México_%,Malásia_%,Japão_%,Brasil_%
TOTAL,1995,770821455872.0,6.2927,3.9124,3.2291,0.0272,8.1401,2.3327,16.5013,1.2231
TOTAL,1996,817627145588.0,6.653,3.7942,2.8494,0.0418,9.0638,2.2419,14.4275,1.137
TOTAL,1997,898025469114.0,7.3285,3.7547,2.65,0.0459,9.7013,2.0626,13.8377,1.1302
TOTAL,1998,944350087088.0,7.952,3.6367,2.6267,0.0631,10.1736,2.0669,13.2461,1.1269
TOTAL,1999,1059220066421.0,8.2868,3.4706,3.0659,0.0618,10.4858,2.0855,12.7331,1.1231
TOTAL,2000,1217932974446.0,8.2117,3.3255,3.3095,0.0674,11.1601,2.0993,12.0269,1.1374
TOTAL,2001,1140900159185.0,8.9637,2.9253,3.0836,0.0923,11.5115,1.9581,11.0854,1.268
TOTAL,2002,1200095833882.0,11.125,2.7887,3.0753,0.2154,11.3345,2.0609,10.3797,1.3907
TOTAL,2003,1302833508196.0,12.5353,2.5343,2.9641,0.3768,10.7218,2.0105,9.3058,1.4577
TOTAL,2004,1525304217271.0,13.8005,2.3745,3.1351,0.3754,10.3508,1.9041,8.7557,1.4907
TOTAL,2005,1734849141777.0,14.9774,2.0967,2.6241,0.4154,9.9368,1.9978,8.1772,1.5112
TOTAL,2006,1918997094449.0,15.9343,2.0738,2.4823,0.4828,10.4481,1.9552,7.9335,1.4607
TOTAL,2007,2017120776311.0,16.861,1.9757,2.445,0.5664,10.5536,1.6708,7.4077,1.3481
TOTAL,2008,2164834031060.0,16.4587,1.7437,2.3015,0.6399,10.0731,1.4584,6.6218,1.4815
TOTAL,2009,1601895815130.0,19.3227,1.8321,2.531,0.8139,11.1319,1.4913,6.1428,1.3121
TOTAL,2010,1968259900993.0,19.457,1.888,2.5712,0.8072,11.7998,1.3527,6.2879,1.2706
TOTAL,2011,2263619062869.0,18.4369,1.8876,2.589,0.8154,11.7119,1.1703,5.8561,1.4507
TOTAL,2012,2334677716383.0,19.0341,1.7226,2.6127,0.9154,11.9913,1.1416,6.444,1.4244
TOTAL,2013,2326590208528.0,19.7331,1.689,2.7771,1.1134,12.1695,1.2033,6.1092,1.2318
TOTAL,2014,2410855476207.0,20.1711,1.7427,2.9759,1.3278,12.3133,1.2905,5.7035,1.311
TOTAL,2015,2313424569327.0,21.7871,1.8352,3.2007,1.7158,12.9324,1.5008,5.8365,1.2327
TOTAL,2016,2247167254438.0,21.4185,1.8065,3.199,1.9468,13.181,1.6603,6.0107,1.2036
TOTAL,2017,2405276626657.0,21.8588,1.8255,3.0524,2.0131,13.1267,1.584,5.8094,1.2702
TOTAL,2018,2611432490157.0,21.5668,1.8098,2.918,1.9636,13.3718,1.5368,5.5871,1.2363
TOTAL,2019,2567492197103.0,18.4018,2.1795,3.1139,2.7024,14.0729,1.6162,5.7244,1.2494
TOTAL,2020,2405381557667.0,19.0059,2.5965,3.2549,3.4594,13.6719,1.8846,5.0921,1.0153
TOTAL,2021,2932976075226.0,18.4635,2.7527,3.3689,3.6889,13.2411,1.9721,4.7525,1.1198
TOTAL,2022,3372902165775.0,17.068,2.8484,3.5832,4.0285,13.6137,1.6869,4.579,1.2266
TOTAL,2023,3168471121076.0,14.1399,2.8379,3.7784,3.7539,15.1509,1.4937,4.784,1.2939
TOTAL,2024,3356812501330.0,13.7815,3.537,4.0352,4.2444,15.1919,1.6042,4.5301,1.3162
SEMICOND,1995,38756681408.0,0.3746,7.8285,18.3429,,1.8122,13.0707,26.9496,0.0062
SEMICOND,1996,36266788087.0,0.5436,8.1848,17.2548,,2.0964,13.9319,23.2197,0.0066
SEMICOND,1997,36233332176.0,0.8261,8.8248,16.5577,0.0,2.3488,14.223,20.8855,0.0038
SEMICOND,1998,32715045887.0,1.4516,9.3344,16.0946,0.0,2.4425,12.8389,17.1918,0.0153
SEMICOND,1999,36697993085.0,1.7715,10.1284,18.1811,,2.6553,13.4359,16.9542,0.0074
SEMICOND,2000,46607438509.0,1.5088,10.9179,16.2799,0.0,2.9777,13.1774,16.8241,0.0367
SEMICOND,2001,28965977367.0,1.97,11.6465,12.1447,,3.2384,15.2725,14.318,0.0317
SEMICOND,2002,25182688142.0,2.6382,12.063,13.8018,0.0059,3.2179,16.5472,10.7398,0.0073
SEMICOND,2003,23661987743.0,3.2232,12.5971,14.352,0.0093,3.2508,14.6681,9.8185,0.0119
SEMICOND,2004,25685694929.0,4.8477,14.4097,15.4986,0.0106,3.1679,13.6186,10.5732,0.0088
SEMICOND,2005,24536432338.0,6.6839,14.9583,12.473,0.0129,2.6025,13.4202,10.1066,0.013
SEMICOND,2006,25707644322.0,7.5683,16.9917,11.6988,0.0117,2.6167,11.5569,11.1226,0.0216
SEMICOND,2007,24155700118.0,7.8225,18.1246,10.3783,0.0102,2.8219,10.9524,11.7693,0.0153
SEMICOND,2008,22648336237.0,7.1579,19.0038,11.5676,0.011,2.1484,12.0421,11.8384,0.0412
SEMICOND,2009,18676423260.0,7.2152,16.2553,11.7538,0.0124,2.4876,10.5535,10.0196,0.0091
SEMICOND,2010,25083674733.0,9.2076,13.3179,11.8353,0.0094,2.2208,14.4671,10.7961,0.0163
SEMICOND,2011,30832610457.0,8.5953,11.1949,10.178,0.0455,1.6807,14.9501,8.3861,0.0116
SEMICOND,2012,30571160326.0,8.1208,10.8583,9.1346,0.0892,1.8794,12.8183,7.8804,0.0088
SEMICOND,2013,32524794900.0,8.2055,11.3409,9.4406,0.1639,1.6217,16.5577,7.3431,0.0091
SEMICOND,2014,32815952396.0,7.7385,12.6617,7.4113,2.02,1.8074,24.1948,6.6621,0.0199
SEMICOND,2015,31847081332.0,8.7605,12.2536,6.2637,7.7948,1.7086,34.3545,6.1974,0.0196
SEMICOND,2016,33649468629.0,9.169,10.9545,5.5604,6.6875,1.4569,35.6414,5.329,0.0201
SEMICOND,2017,36386904179.0,9.8765,11.3136,5.7331,5.9889,4.8958,35.5169,4.6555,0.0273
SEMICOND,2018,38094812725.0,10.5695,11.6555,6.2099,3.6735,4.7068,40.4973,4.4238,0.0075
SEMICOND,2019,35974535874.0,5.8884,10.8484,6.4929,5.4242,4.4865,44.351,4.1861,0.0042
SEMICOND,2020,34654959305.0,6.678,11.2713,6.2036,7.418,4.9932,44.483,3.9125,0.0192
SEMICOND,2021,45130615056.0,6.4611,12.6712,5.8963,6.163,4.3572,42.4637,3.3153,0.0156
SEMICOND,2022,48509460968.0,7.0265,17.7571,6.6135,5.0024,4.1826,30.3253,3.3919,0.0106
SEMICOND,2023,40842992631.0,5.7985,19.9266,6.2098,4.4006,4.4597,24.8555,3.8787,0.005
SEMICOND,2024,44658565549.0,4.2197,26.2384,5.6996,3.5722,3.6349,22.4786,3.4971,0.0063
