economia,ano,medida,tipo,valor
CHN,2005,EXGR,nivel_usd_mi,176856.203
CHN,2006,EXGR,nivel_usd_mi,211343.215
CHN,2007,EXGR,nivel_usd_mi,264555.249
CHN,2008,EXGR,nivel_usd_mi,296692.101
CHN,2009,EXGR,nivel_usd_mi,262030.997
CHN,2010,EXGR,nivel_usd_mi,350579.49
CHN,2011,EXGR,nivel_usd_mi,350205.652
CHN,2012,EXGR,nivel_usd_mi,387943.576
CHN,2013,EXGR,nivel_usd_mi,420542.05
CHN,2014,EXGR,nivel_usd_mi,441535.299
CHN,2015,EXGR,nivel_usd_mi,483771.991
CHN,2016,EXGR,nivel_usd_mi,435535.963
CHN,2017,EXGR,nivel_usd_mi,497725.356
CHN,2018,EXGR,nivel_usd_mi,526740.348
CHN,2019,EXGR,nivel_usd_mi,526644.045
CHN,2020,EXGR,nivel_usd_mi,566276.106
CHN,2021,EXGR,nivel_usd_mi,683013.789
CHN,2022,EXGR,nivel_usd_mi,656018.868
CHN,2005,EXGR_DVA,nivel_usd_mi,108342.908
CHN,2006,EXGR_DVA,nivel_usd_mi,118867.176
CHN,2007,EXGR_DVA,nivel_usd_mi,160281.082
CHN,2008,EXGR_DVA,nivel_usd_mi,185638.854
CHN,2009,EXGR_DVA,nivel_usd_mi,178110.663
CHN,2010,EXGR_DVA,nivel_usd_mi,241247.14
CHN,2011,EXGR_DVA,nivel_usd_mi,234832.255
CHN,2012,EXGR_DVA,nivel_usd_mi,269561.571
CHN,2013,EXGR_DVA,nivel_usd_mi,287287.643
CHN,2014,EXGR_DVA,nivel_usd_mi,310263.251
CHN,2015,EXGR_DVA,nivel_usd_mi,351972.041
CHN,2016,EXGR_DVA,nivel_usd_mi,308712.582
CHN,2017,EXGR_DVA,nivel_usd_mi,359432.214
CHN,2018,EXGR_DVA,nivel_usd_mi,383815.024
CHN,2019,EXGR_DVA,nivel_usd_mi,371530.382
CHN,2020,EXGR_DVA,nivel_usd_mi,412446.477
CHN,2021,EXGR_DVA,nivel_usd_mi,480598.198
CHN,2022,EXGR_DVA,nivel_usd_mi,467208.448
CHN,2005,EXGR_DVA,share_%,61.26
CHN,2006,EXGR_DVA,share_%,56.244
CHN,2007,EXGR_DVA,share_%,60.585
CHN,2008,EXGR_DVA,share_%,62.57
CHN,2009,EXGR_DVA,share_%,67.973
CHN,2010,EXGR_DVA,share_%,68.814
CHN,2011,EXGR_DVA,share_%,67.056
CHN,2012,EXGR_DVA,share_%,69.485
CHN,2013,EXGR_DVA,share_%,68.314
CHN,2014,EXGR_DVA,share_%,70.269
CHN,2015,EXGR_DVA,share_%,72.756
CHN,2016,EXGR_DVA,share_%,70.881
CHN,2017,EXGR_DVA,share_%,72.215
CHN,2018,EXGR_DVA,share_%,72.866
CHN,2019,EXGR_DVA,share_%,70.547
CHN,2020,EXGR_DVA,share_%,72.835
CHN,2021,EXGR_DVA,share_%,70.364
CHN,2022,EXGR_DVA,share_%,71.219
CHN,2005,EXGR_FVA,nivel_usd_mi,68513.254
CHN,2006,EXGR_FVA,nivel_usd_mi,92475.964
CHN,2007,EXGR_FVA,nivel_usd_mi,104274.247
CHN,2008,EXGR_FVA,nivel_usd_mi,111053.382
CHN,2009,EXGR_FVA,nivel_usd_mi,83922.444
CHN,2010,EXGR_FVA,nivel_usd_mi,109331.78
CHN,2011,EXGR_FVA,nivel_usd_mi,115373.485
CHN,2012,EXGR_FVA,nivel_usd_mi,118382.019
CHN,2013,EXGR_FVA,nivel_usd_mi,133254.963
CHN,2014,EXGR_FVA,nivel_usd_mi,131272.948
CHN,2015,EXGR_FVA,nivel_usd_mi,131800.494
CHN,2016,EXGR_FVA,nivel_usd_mi,126824.092
CHN,2017,EXGR_FVA,nivel_usd_mi,138293.782
CHN,2018,EXGR_FVA,nivel_usd_mi,142925.738
CHN,2019,EXGR_FVA,nivel_usd_mi,155114.863
CHN,2020,EXGR_FVA,nivel_usd_mi,153830.916
CHN,2021,EXGR_FVA,nivel_usd_mi,202416.182
CHN,2022,EXGR_FVA,nivel_usd_mi,188810.541
CHN,2005,EXGR_FVA,share_%,38.74
CHN,2006,EXGR_FVA,share_%,43.756
CHN,2007,EXGR_FVA,share_%,39.415
CHN,2008,EXGR_FVA,share_%,37.43
CHN,2009,EXGR_FVA,share_%,32.027
CHN,2010,EXGR_FVA,share_%,31.186
CHN,2011,EXGR_FVA,share_%,32.944
CHN,2012,EXGR_FVA,share_%,30.515
CHN,2013,EXGR_FVA,share_%,31.686
CHN,2014,EXGR_FVA,share_%,29.731
CHN,2015,EXGR_FVA,share_%,27.244
CHN,2016,EXGR_FVA,share_%,29.119
CHN,2017,EXGR_FVA,share_%,27.785
CHN,2018,EXGR_FVA,share_%,27.134
CHN,2019,EXGR_FVA,share_%,29.453
CHN,2020,EXGR_FVA,share_%,27.165
CHN,2021,EXGR_FVA,share_%,29.636
CHN,2022,EXGR_FVA,share_%,28.781
CHN,2005,EXGR_INT,nivel_usd_mi,66809.93
CHN,2006,EXGR_INT,nivel_usd_mi,83519.621
CHN,2007,EXGR_INT,nivel_usd_mi,102991.811
CHN,2008,EXGR_INT,nivel_usd_mi,119462.617
CHN,2009,EXGR_INT,nivel_usd_mi,109134.398
CHN,2010,EXGR_INT,nivel_usd_mi,144581.115
CHN,2011,EXGR_INT,nivel_usd_mi,138456.965
CHN,2012,EXGR_INT,nivel_usd_mi,150348.464
CHN,2013,EXGR_INT,nivel_usd_mi,163078.426
CHN,2014,EXGR_INT,nivel_usd_mi,171491.876
CHN,2015,EXGR_INT,nivel_usd_mi,195189.226
CHN,2016,EXGR_INT,nivel_usd_mi,183803.875
CHN,2017,EXGR_INT,nivel_usd_mi,209693.427
CHN,2018,EXGR_INT,nivel_usd_mi,220112.889
CHN,2019,EXGR_INT,nivel_usd_mi,227397.109
CHN,2020,EXGR_INT,nivel_usd_mi,251877.889
CHN,2021,EXGR_INT,nivel_usd_mi,306638.601
CHN,2022,EXGR_INT,nivel_usd_mi,287825.142
KOR,2005,EXGR,nivel_usd_mi,90728.434
KOR,2006,EXGR,nivel_usd_mi,99692.195
KOR,2007,EXGR,nivel_usd_mi,110680.614
KOR,2008,EXGR,nivel_usd_mi,109086.654
KOR,2009,EXGR,nivel_usd_mi,102082.769
KOR,2010,EXGR,nivel_usd_mi,129053.621
KOR,2011,EXGR,nivel_usd_mi,149166.887
KOR,2012,EXGR,nivel_usd_mi,140763.746
KOR,2013,EXGR,nivel_usd_mi,149734.616
KOR,2014,EXGR,nivel_usd_mi,145475.08
KOR,2015,EXGR,nivel_usd_mi,144566.717
KOR,2016,EXGR,nivel_usd_mi,141541.589
KOR,2017,EXGR,nivel_usd_mi,179296.705
KOR,2018,EXGR,nivel_usd_mi,190031.437
KOR,2019,EXGR,nivel_usd_mi,150098.59
KOR,2020,EXGR,nivel_usd_mi,144144.533
KOR,2021,EXGR,nivel_usd_mi,183642.298
KOR,2022,EXGR,nivel_usd_mi,182925.757
KOR,2005,EXGR_DVA,nivel_usd_mi,62074.532
KOR,2006,EXGR_DVA,nivel_usd_mi,67781.791
KOR,2007,EXGR_DVA,nivel_usd_mi,75253.656
KOR,2008,EXGR_DVA,nivel_usd_mi,68549.856
KOR,2009,EXGR_DVA,nivel_usd_mi,66658.477
KOR,2010,EXGR_DVA,nivel_usd_mi,85812.275
KOR,2011,EXGR_DVA,nivel_usd_mi,93974.561
KOR,2012,EXGR_DVA,nivel_usd_mi,91028.386
KOR,2013,EXGR_DVA,nivel_usd_mi,100575.219
KOR,2014,EXGR_DVA,nivel_usd_mi,101322.241
KOR,2015,EXGR_DVA,nivel_usd_mi,102588.293
KOR,2016,EXGR_DVA,nivel_usd_mi,102759.215
KOR,2017,EXGR_DVA,nivel_usd_mi,129254.775
KOR,2018,EXGR_DVA,nivel_usd_mi,138862.753
KOR,2019,EXGR_DVA,nivel_usd_mi,108848.769
KOR,2020,EXGR_DVA,nivel_usd_mi,105840.344
KOR,2021,EXGR_DVA,nivel_usd_mi,133888.531
KOR,2022,EXGR_DVA,nivel_usd_mi,125115.904
KOR,2005,EXGR_DVA,share_%,68.418
KOR,2006,EXGR_DVA,share_%,67.991
KOR,2007,EXGR_DVA,share_%,67.992
KOR,2008,EXGR_DVA,share_%,62.84
KOR,2009,EXGR_DVA,share_%,65.298
KOR,2010,EXGR_DVA,share_%,66.494
KOR,2011,EXGR_DVA,share_%,63
KOR,2012,EXGR_DVA,share_%,64.667
KOR,2013,EXGR_DVA,share_%,67.169
KOR,2014,EXGR_DVA,share_%,69.649
KOR,2015,EXGR_DVA,share_%,70.963
KOR,2016,EXGR_DVA,share_%,72.6
KOR,2017,EXGR_DVA,share_%,72.09
KOR,2018,EXGR_DVA,share_%,73.074
KOR,2019,EXGR_DVA,share_%,72.518
KOR,2020,EXGR_DVA,share_%,73.427
KOR,2021,EXGR_DVA,share_%,72.907
KOR,2022,EXGR_DVA,share_%,68.397
KOR,2005,EXGR_FVA,nivel_usd_mi,28653.901
KOR,2006,EXGR_FVA,nivel_usd_mi,31910.401
KOR,2007,EXGR_FVA,nivel_usd_mi,35426.96
KOR,2008,EXGR_FVA,nivel_usd_mi,40536.802
KOR,2009,EXGR_FVA,nivel_usd_mi,35424.358
KOR,2010,EXGR_FVA,nivel_usd_mi,43241.327
KOR,2011,EXGR_FVA,nivel_usd_mi,55192.328
KOR,2012,EXGR_FVA,nivel_usd_mi,49735.358
KOR,2013,EXGR_FVA,nivel_usd_mi,49159.412
KOR,2014,EXGR_FVA,nivel_usd_mi,44152.865
KOR,2015,EXGR_FVA,nivel_usd_mi,41978.443
KOR,2016,EXGR_FVA,nivel_usd_mi,38782.395
KOR,2017,EXGR_FVA,nivel_usd_mi,50041.948
KOR,2018,EXGR_FVA,nivel_usd_mi,51168.695
KOR,2019,EXGR_FVA,nivel_usd_mi,41249.853
KOR,2020,EXGR_FVA,nivel_usd_mi,38304.227
KOR,2021,EXGR_FVA,nivel_usd_mi,49753.785
KOR,2022,EXGR_FVA,nivel_usd_mi,57809.854
KOR,2005,EXGR_FVA,share_%,31.582
KOR,2006,EXGR_FVA,share_%,32.009
KOR,2007,EXGR_FVA,share_%,32.008
KOR,2008,EXGR_FVA,share_%,37.16
KOR,2009,EXGR_FVA,share_%,34.702
KOR,2010,EXGR_FVA,share_%,33.506
KOR,2011,EXGR_FVA,share_%,37
KOR,2012,EXGR_FVA,share_%,35.333
KOR,2013,EXGR_FVA,share_%,32.831
KOR,2014,EXGR_FVA,share_%,30.351
KOR,2015,EXGR_FVA,share_%,29.037
KOR,2016,EXGR_FVA,share_%,27.4
KOR,2017,EXGR_FVA,share_%,27.91
KOR,2018,EXGR_FVA,share_%,26.926
KOR,2019,EXGR_FVA,share_%,27.482
KOR,2020,EXGR_FVA,share_%,26.573
KOR,2021,EXGR_FVA,share_%,27.093
KOR,2022,EXGR_FVA,share_%,31.603
KOR,2005,EXGR_INT,nivel_usd_mi,45570.694
KOR,2006,EXGR_INT,nivel_usd_mi,54759.556
KOR,2007,EXGR_INT,nivel_usd_mi,63532.265
KOR,2008,EXGR_INT,nivel_usd_mi,61302.422
KOR,2009,EXGR_INT,nivel_usd_mi,57444.552
KOR,2010,EXGR_INT,nivel_usd_mi,72321.062
KOR,2011,EXGR_INT,nivel_usd_mi,84167.902
KOR,2012,EXGR_INT,nivel_usd_mi,84678.045
KOR,2013,EXGR_INT,nivel_usd_mi,93529.743
KOR,2014,EXGR_INT,nivel_usd_mi,91316.117
KOR,2015,EXGR_INT,nivel_usd_mi,98076.245
KOR,2016,EXGR_INT,nivel_usd_mi,97272.786
KOR,2017,EXGR_INT,nivel_usd_mi,120305.044
KOR,2018,EXGR_INT,nivel_usd_mi,125314.58
KOR,2019,EXGR_INT,nivel_usd_mi,101275.192
KOR,2020,EXGR_INT,nivel_usd_mi,97567.959
KOR,2021,EXGR_INT,nivel_usd_mi,123401.062
KOR,2022,EXGR_INT,nivel_usd_mi,121755.474
MEX,2005,EXGR,nivel_usd_mi,33390.412
MEX,2006,EXGR,nivel_usd_mi,40200.327
MEX,2007,EXGR,nivel_usd_mi,41788.497
MEX,2008,EXGR,nivel_usd_mi,50466.608
MEX,2009,EXGR,nivel_usd_mi,40948.408
MEX,2010,EXGR,nivel_usd_mi,48677.622
MEX,2011,EXGR,nivel_usd_mi,48528.378
MEX,2012,EXGR,nivel_usd_mi,50746.628
MEX,2013,EXGR,nivel_usd_mi,53605.857
MEX,2014,EXGR,nivel_usd_mi,52821.064
MEX,2015,EXGR,nivel_usd_mi,52712.981
MEX,2016,EXGR,nivel_usd_mi,51557.043
MEX,2017,EXGR,nivel_usd_mi,55158.506
MEX,2018,EXGR,nivel_usd_mi,60323.976
MEX,2019,EXGR,nivel_usd_mi,60477.933
MEX,2020,EXGR,nivel_usd_mi,58365.426
MEX,2021,EXGR,nivel_usd_mi,64491.336
MEX,2022,EXGR,nivel_usd_mi,73553.287
MEX,2005,EXGR_DVA,nivel_usd_mi,15683.841
MEX,2006,EXGR_DVA,nivel_usd_mi,18737.922
MEX,2007,EXGR_DVA,nivel_usd_mi,19011.728
MEX,2008,EXGR_DVA,nivel_usd_mi,21782.87
MEX,2009,EXGR_DVA,nivel_usd_mi,19651.247
MEX,2010,EXGR_DVA,nivel_usd_mi,21939.253
MEX,2011,EXGR_DVA,nivel_usd_mi,21504.399
MEX,2012,EXGR_DVA,nivel_usd_mi,23053.313
MEX,2013,EXGR_DVA,nivel_usd_mi,22763.831
MEX,2014,EXGR_DVA,nivel_usd_mi,24446.366
MEX,2015,EXGR_DVA,nivel_usd_mi,25023.324
MEX,2016,EXGR_DVA,nivel_usd_mi,24274.486
MEX,2017,EXGR_DVA,nivel_usd_mi,25614.226
MEX,2018,EXGR_DVA,nivel_usd_mi,25940.44
MEX,2019,EXGR_DVA,nivel_usd_mi,28973.54
MEX,2020,EXGR_DVA,nivel_usd_mi,27086.253
MEX,2021,EXGR_DVA,nivel_usd_mi,29211.672
MEX,2022,EXGR_DVA,nivel_usd_mi,33658.574
MEX,2005,EXGR_DVA,share_%,46.971
MEX,2006,EXGR_DVA,share_%,46.611
MEX,2007,EXGR_DVA,share_%,45.495
MEX,2008,EXGR_DVA,share_%,43.163
MEX,2009,EXGR_DVA,share_%,47.99
MEX,2010,EXGR_DVA,share_%,45.071
MEX,2011,EXGR_DVA,share_%,44.313
MEX,2012,EXGR_DVA,share_%,45.428
MEX,2013,EXGR_DVA,share_%,42.465
MEX,2014,EXGR_DVA,share_%,46.281
MEX,2015,EXGR_DVA,share_%,47.471
MEX,2016,EXGR_DVA,share_%,47.083
MEX,2017,EXGR_DVA,share_%,46.437
MEX,2018,EXGR_DVA,share_%,43.002
MEX,2019,EXGR_DVA,share_%,47.908
MEX,2020,EXGR_DVA,share_%,46.408
MEX,2021,EXGR_DVA,share_%,45.295
MEX,2022,EXGR_DVA,share_%,45.761
MEX,2005,EXGR_FVA,nivel_usd_mi,17706.571
MEX,2006,EXGR_FVA,nivel_usd_mi,21462.404
MEX,2007,EXGR_FVA,nivel_usd_mi,22776.77
MEX,2008,EXGR_FVA,nivel_usd_mi,28683.741
MEX,2009,EXGR_FVA,nivel_usd_mi,21297.209
MEX,2010,EXGR_FVA,nivel_usd_mi,26738.355
MEX,2011,EXGR_FVA,nivel_usd_mi,27023.981
MEX,2012,EXGR_FVA,nivel_usd_mi,27693.314
MEX,2013,EXGR_FVA,nivel_usd_mi,30842.04
MEX,2014,EXGR_FVA,nivel_usd_mi,28374.72
MEX,2015,EXGR_FVA,nivel_usd_mi,27689.671
MEX,2016,EXGR_FVA,nivel_usd_mi,27282.575
MEX,2017,EXGR_FVA,nivel_usd_mi,29544.294
MEX,2018,EXGR_FVA,nivel_usd_mi,34383.545
MEX,2019,EXGR_FVA,nivel_usd_mi,31504.423
MEX,2020,EXGR_FVA,nivel_usd_mi,31279.208
MEX,2021,EXGR_FVA,nivel_usd_mi,35279.678
MEX,2022,EXGR_FVA,nivel_usd_mi,39894.714
MEX,2005,EXGR_FVA,share_%,53.029
MEX,2006,EXGR_FVA,share_%,53.389
MEX,2007,EXGR_FVA,share_%,54.505
MEX,2008,EXGR_FVA,share_%,56.837
MEX,2009,EXGR_FVA,share_%,52.01
MEX,2010,EXGR_FVA,share_%,54.929
MEX,2011,EXGR_FVA,share_%,55.687
MEX,2012,EXGR_FVA,share_%,54.572
MEX,2013,EXGR_FVA,share_%,57.535
MEX,2014,EXGR_FVA,share_%,53.719
MEX,2015,EXGR_FVA,share_%,52.529
MEX,2016,EXGR_FVA,share_%,52.917
MEX,2017,EXGR_FVA,share_%,53.563
MEX,2018,EXGR_FVA,share_%,56.998
MEX,2019,EXGR_FVA,share_%,52.092
MEX,2020,EXGR_FVA,share_%,53.592
MEX,2021,EXGR_FVA,share_%,54.705
MEX,2022,EXGR_FVA,share_%,54.239
MEX,2005,EXGR_INT,nivel_usd_mi,9608.246
MEX,2006,EXGR_INT,nivel_usd_mi,11747.271
MEX,2007,EXGR_INT,nivel_usd_mi,12079.571
MEX,2008,EXGR_INT,nivel_usd_mi,14740.419
MEX,2009,EXGR_INT,nivel_usd_mi,13098.272
MEX,2010,EXGR_INT,nivel_usd_mi,14941.396
MEX,2011,EXGR_INT,nivel_usd_mi,13774.293
MEX,2012,EXGR_INT,nivel_usd_mi,13417.909
MEX,2013,EXGR_INT,nivel_usd_mi,14972.56
MEX,2014,EXGR_INT,nivel_usd_mi,14361.639
MEX,2015,EXGR_INT,nivel_usd_mi,14862.793
MEX,2016,EXGR_INT,nivel_usd_mi,16578.688
MEX,2017,EXGR_INT,nivel_usd_mi,17215.922
MEX,2018,EXGR_INT,nivel_usd_mi,19277.319
MEX,2019,EXGR_INT,nivel_usd_mi,21037.117
MEX,2020,EXGR_INT,nivel_usd_mi,20347.275
MEX,2021,EXGR_INT,nivel_usd_mi,22642.173
MEX,2022,EXGR_INT,nivel_usd_mi,25174.326
TWN,2005,EXGR,nivel_usd_mi,92400.268
TWN,2006,EXGR,nivel_usd_mi,107103.981
TWN,2007,EXGR,nivel_usd_mi,115301.681
TWN,2008,EXGR,nivel_usd_mi,120218.706
TWN,2009,EXGR,nivel_usd_mi,96906.516
TWN,2010,EXGR,nivel_usd_mi,137875.831
TWN,2011,EXGR,nivel_usd_mi,143433.998
TWN,2012,EXGR,nivel_usd_mi,141458.336
TWN,2013,EXGR,nivel_usd_mi,145897.964
TWN,2014,EXGR,nivel_usd_mi,153862.643
TWN,2015,EXGR,nivel_usd_mi,145794.561
TWN,2016,EXGR,nivel_usd_mi,148358.548
TWN,2017,EXGR,nivel_usd_mi,160462.359
TWN,2018,EXGR,nivel_usd_mi,150892.215
TWN,2019,EXGR,nivel_usd_mi,143688.686
TWN,2020,EXGR,nivel_usd_mi,164757.193
TWN,2021,EXGR,nivel_usd_mi,207530.24
TWN,2022,EXGR,nivel_usd_mi,224042.707
TWN,2005,EXGR_DVA,nivel_usd_mi,51767.557
TWN,2006,EXGR_DVA,nivel_usd_mi,59306.435
TWN,2007,EXGR_DVA,nivel_usd_mi,63172.348
TWN,2008,EXGR_DVA,nivel_usd_mi,63898.42
TWN,2009,EXGR_DVA,nivel_usd_mi,55942.178
TWN,2010,EXGR_DVA,nivel_usd_mi,72856.737
TWN,2011,EXGR_DVA,nivel_usd_mi,76716.335
TWN,2012,EXGR_DVA,nivel_usd_mi,77658.937
TWN,2013,EXGR_DVA,nivel_usd_mi,83599.733
TWN,2014,EXGR_DVA,nivel_usd_mi,93029.939
TWN,2015,EXGR_DVA,nivel_usd_mi,93476.918
TWN,2016,EXGR_DVA,nivel_usd_mi,96832.261
TWN,2017,EXGR_DVA,nivel_usd_mi,106396.771
TWN,2018,EXGR_DVA,nivel_usd_mi,101503.591
TWN,2019,EXGR_DVA,nivel_usd_mi,98434.345
TWN,2020,EXGR_DVA,nivel_usd_mi,118917.315
TWN,2021,EXGR_DVA,nivel_usd_mi,152226.364
TWN,2022,EXGR_DVA,nivel_usd_mi,159601.869
TWN,2005,EXGR_DVA,share_%,56.025
TWN,2006,EXGR_DVA,share_%,55.373
TWN,2007,EXGR_DVA,share_%,54.789
TWN,2008,EXGR_DVA,share_%,53.152
TWN,2009,EXGR_DVA,share_%,57.728
TWN,2010,EXGR_DVA,share_%,52.842
TWN,2011,EXGR_DVA,share_%,53.485
TWN,2012,EXGR_DVA,share_%,54.899
TWN,2013,EXGR_DVA,share_%,57.3
TWN,2014,EXGR_DVA,share_%,60.463
TWN,2015,EXGR_DVA,share_%,64.115
TWN,2016,EXGR_DVA,share_%,65.269
TWN,2017,EXGR_DVA,share_%,66.306
TWN,2018,EXGR_DVA,share_%,67.269
TWN,2019,EXGR_DVA,share_%,68.505
TWN,2020,EXGR_DVA,share_%,72.177
TWN,2021,EXGR_DVA,share_%,73.351
TWN,2022,EXGR_DVA,share_%,71.237
TWN,2005,EXGR_FVA,nivel_usd_mi,40632.709
TWN,2006,EXGR_FVA,nivel_usd_mi,47797.543
TWN,2007,EXGR_FVA,nivel_usd_mi,52129.335
TWN,2008,EXGR_FVA,nivel_usd_mi,56320.292
TWN,2009,EXGR_FVA,nivel_usd_mi,40964.414
TWN,2010,EXGR_FVA,nivel_usd_mi,65019.069
TWN,2011,EXGR_FVA,nivel_usd_mi,66717.666
TWN,2012,EXGR_FVA,nivel_usd_mi,63799.397
TWN,2013,EXGR_FVA,nivel_usd_mi,62298.254
TWN,2014,EXGR_FVA,nivel_usd_mi,60832.743
TWN,2015,EXGR_FVA,nivel_usd_mi,52317.665
TWN,2016,EXGR_FVA,nivel_usd_mi,51526.31
TWN,2017,EXGR_FVA,nivel_usd_mi,54065.606
TWN,2018,EXGR_FVA,nivel_usd_mi,49388.633
TWN,2019,EXGR_FVA,nivel_usd_mi,45254.372
TWN,2020,EXGR_FVA,nivel_usd_mi,45839.917
TWN,2021,EXGR_FVA,nivel_usd_mi,55303.889
TWN,2022,EXGR_FVA,nivel_usd_mi,64440.84
TWN,2005,EXGR_FVA,share_%,43.975
TWN,2006,EXGR_FVA,share_%,44.627
TWN,2007,EXGR_FVA,share_%,45.211
TWN,2008,EXGR_FVA,share_%,46.848
TWN,2009,EXGR_FVA,share_%,42.272
TWN,2010,EXGR_FVA,share_%,47.158
TWN,2011,EXGR_FVA,share_%,46.515
TWN,2012,EXGR_FVA,share_%,45.101
TWN,2013,EXGR_FVA,share_%,42.7
TWN,2014,EXGR_FVA,share_%,39.537
TWN,2015,EXGR_FVA,share_%,35.885
TWN,2016,EXGR_FVA,share_%,34.731
TWN,2017,EXGR_FVA,share_%,33.694
TWN,2018,EXGR_FVA,share_%,32.731
TWN,2019,EXGR_FVA,share_%,31.495
TWN,2020,EXGR_FVA,share_%,27.823
TWN,2021,EXGR_FVA,share_%,26.649
TWN,2022,EXGR_FVA,share_%,28.763
TWN,2005,EXGR_INT,nivel_usd_mi,47792.163
TWN,2006,EXGR_INT,nivel_usd_mi,60462.707
TWN,2007,EXGR_INT,nivel_usd_mi,68884.076
TWN,2008,EXGR_INT,nivel_usd_mi,71159.038
TWN,2009,EXGR_INT,nivel_usd_mi,57246.594
TWN,2010,EXGR_INT,nivel_usd_mi,77611.645
TWN,2011,EXGR_INT,nivel_usd_mi,81588.002
TWN,2012,EXGR_INT,nivel_usd_mi,86662.138
TWN,2013,EXGR_INT,nivel_usd_mi,95799.116
TWN,2014,EXGR_INT,nivel_usd_mi,101879.865
TWN,2015,EXGR_INT,nivel_usd_mi,101609.579
TWN,2016,EXGR_INT,nivel_usd_mi,102272.356
TWN,2017,EXGR_INT,nivel_usd_mi,105995.693
TWN,2018,EXGR_INT,nivel_usd_mi,97350.426
TWN,2019,EXGR_INT,nivel_usd_mi,94584.044
TWN,2020,EXGR_INT,nivel_usd_mi,108098.208
TWN,2021,EXGR_INT,nivel_usd_mi,137406.861
TWN,2022,EXGR_INT,nivel_usd_mi,143903.626
USA,2005,EXGR,nivel_usd_mi,104004.077
USA,2006,EXGR,nivel_usd_mi,116529.753
USA,2007,EXGR,nivel_usd_mi,120341.014
USA,2008,EXGR,nivel_usd_mi,119009.918
USA,2009,EXGR,nivel_usd_mi,92851.115
USA,2010,EXGR,nivel_usd_mi,105894.521
USA,2011,EXGR,nivel_usd_mi,110333.17
USA,2012,EXGR,nivel_usd_mi,111724.041
USA,2013,EXGR,nivel_usd_mi,107082.735
USA,2014,EXGR,nivel_usd_mi,110838.475
USA,2015,EXGR,nivel_usd_mi,107688.387
USA,2016,EXGR,nivel_usd_mi,106019.292
USA,2017,EXGR,nivel_usd_mi,105371.976
USA,2018,EXGR,nivel_usd_mi,106622.219
USA,2019,EXGR,nivel_usd_mi,101856.643
USA,2020,EXGR,nivel_usd_mi,103325.196
USA,2021,EXGR,nivel_usd_mi,110515.961
USA,2022,EXGR,nivel_usd_mi,105169.159
USA,2005,EXGR_DVA,nivel_usd_mi,92332.067
USA,2006,EXGR_DVA,nivel_usd_mi,103304.645
USA,2007,EXGR_DVA,nivel_usd_mi,107449.47
USA,2008,EXGR_DVA,nivel_usd_mi,106182.472
USA,2009,EXGR_DVA,nivel_usd_mi,85438.497
USA,2010,EXGR_DVA,nivel_usd_mi,97772.919
USA,2011,EXGR_DVA,nivel_usd_mi,102333.073
USA,2012,EXGR_DVA,nivel_usd_mi,105216.901
USA,2013,EXGR_DVA,nivel_usd_mi,101184.418
USA,2014,EXGR_DVA,nivel_usd_mi,105296.758
USA,2015,EXGR_DVA,nivel_usd_mi,102245.41
USA,2016,EXGR_DVA,nivel_usd_mi,100408.123
USA,2017,EXGR_DVA,nivel_usd_mi,99124.085
USA,2018,EXGR_DVA,nivel_usd_mi,100937.216
USA,2019,EXGR_DVA,nivel_usd_mi,96587.821
USA,2020,EXGR_DVA,nivel_usd_mi,98303.107
USA,2021,EXGR_DVA,nivel_usd_mi,104546.729
USA,2022,EXGR_DVA,nivel_usd_mi,96650.719
USA,2005,EXGR_DVA,share_%,88.777
USA,2006,EXGR_DVA,share_%,88.651
USA,2007,EXGR_DVA,share_%,89.287
USA,2008,EXGR_DVA,share_%,89.222
USA,2009,EXGR_DVA,share_%,92.017
USA,2010,EXGR_DVA,share_%,92.33
USA,2011,EXGR_DVA,share_%,92.749
USA,2012,EXGR_DVA,share_%,94.176
USA,2013,EXGR_DVA,share_%,94.492
USA,2014,EXGR_DVA,share_%,95
USA,2015,EXGR_DVA,share_%,94.946
USA,2016,EXGR_DVA,share_%,94.707
USA,2017,EXGR_DVA,share_%,94.071
USA,2018,EXGR_DVA,share_%,94.668
USA,2019,EXGR_DVA,share_%,94.827
USA,2020,EXGR_DVA,share_%,95.14
USA,2021,EXGR_DVA,share_%,94.599
USA,2022,EXGR_DVA,share_%,91.9
USA,2005,EXGR_FVA,nivel_usd_mi,11672.01
USA,2006,EXGR_FVA,nivel_usd_mi,13225.106
USA,2007,EXGR_FVA,nivel_usd_mi,12891.545
USA,2008,EXGR_FVA,nivel_usd_mi,12827.447
USA,2009,EXGR_FVA,nivel_usd_mi,7412.637
USA,2010,EXGR_FVA,nivel_usd_mi,8121.598
USA,2011,EXGR_FVA,nivel_usd_mi,8000.098
USA,2012,EXGR_FVA,nivel_usd_mi,6507.14
USA,2013,EXGR_FVA,nivel_usd_mi,5898.318
USA,2014,EXGR_FVA,nivel_usd_mi,5541.721
USA,2015,EXGR_FVA,nivel_usd_mi,5442.979
USA,2016,EXGR_FVA,nivel_usd_mi,5611.172
USA,2017,EXGR_FVA,nivel_usd_mi,6247.894
USA,2018,EXGR_FVA,nivel_usd_mi,5685.005
USA,2019,EXGR_FVA,nivel_usd_mi,5268.826
USA,2020,EXGR_FVA,nivel_usd_mi,5022.094
USA,2021,EXGR_FVA,nivel_usd_mi,5969.233
USA,2022,EXGR_FVA,nivel_usd_mi,8518.441
USA,2005,EXGR_FVA,share_%,11.223
USA,2006,EXGR_FVA,share_%,11.349
USA,2007,EXGR_FVA,share_%,10.713
USA,2008,EXGR_FVA,share_%,10.778
USA,2009,EXGR_FVA,share_%,7.983
USA,2010,EXGR_FVA,share_%,7.67
USA,2011,EXGR_FVA,share_%,7.251
USA,2012,EXGR_FVA,share_%,5.824
USA,2013,EXGR_FVA,share_%,5.508
USA,2014,EXGR_FVA,share_%,5
USA,2015,EXGR_FVA,share_%,5.054
USA,2016,EXGR_FVA,share_%,5.293
USA,2017,EXGR_FVA,share_%,5.929
USA,2018,EXGR_FVA,share_%,5.332
USA,2019,EXGR_FVA,share_%,5.173
USA,2020,EXGR_FVA,share_%,4.86
USA,2021,EXGR_FVA,share_%,5.401
USA,2022,EXGR_FVA,share_%,8.1
USA,2005,EXGR_INT,nivel_usd_mi,50898.361
USA,2006,EXGR_INT,nivel_usd_mi,59182.661
USA,2007,EXGR_INT,nivel_usd_mi,60724.674
USA,2008,EXGR_INT,nivel_usd_mi,60357.274
USA,2009,EXGR_INT,nivel_usd_mi,46514.568
USA,2010,EXGR_INT,nivel_usd_mi,52133.748
USA,2011,EXGR_INT,nivel_usd_mi,53955.928
USA,2012,EXGR_INT,nivel_usd_mi,54670.656
USA,2013,EXGR_INT,nivel_usd_mi,54008.718
USA,2014,EXGR_INT,nivel_usd_mi,55941.58
USA,2015,EXGR_INT,nivel_usd_mi,56753.012
USA,2016,EXGR_INT,nivel_usd_mi,54416.209
USA,2017,EXGR_INT,nivel_usd_mi,53953.133
USA,2018,EXGR_INT,nivel_usd_mi,53538.859
USA,2019,EXGR_INT,nivel_usd_mi,52044.473
USA,2020,EXGR_INT,nivel_usd_mi,53954.242
USA,2021,EXGR_INT,nivel_usd_mi,59034.681
USA,2022,EXGR_INT,nivel_usd_mi,53372.332
VNM,2005,EXGR,nivel_usd_mi,518.274
VNM,2006,EXGR,nivel_usd_mi,644.187
VNM,2007,EXGR,nivel_usd_mi,857.495
VNM,2008,EXGR,nivel_usd_mi,4089.374
VNM,2009,EXGR,nivel_usd_mi,5063.781
VNM,2010,EXGR,nivel_usd_mi,6014.517
VNM,2011,EXGR,nivel_usd_mi,9746.976
VNM,2012,EXGR,nivel_usd_mi,21830.287
VNM,2013,EXGR,nivel_usd_mi,30720.383
VNM,2014,EXGR,nivel_usd_mi,32936.659
VNM,2015,EXGR,nivel_usd_mi,45554.913
VNM,2016,EXGR,nivel_usd_mi,52506.655
VNM,2017,EXGR,nivel_usd_mi,68358.989
VNM,2018,EXGR,nivel_usd_mi,78094.229
VNM,2019,EXGR,nivel_usd_mi,87931.239
VNM,2020,EXGR,nivel_usd_mi,101488.697
VNM,2021,EXGR,nivel_usd_mi,119115.514
VNM,2022,EXGR,nivel_usd_mi,134477.474
VNM,2005,EXGR_DVA,nivel_usd_mi,259.602
VNM,2006,EXGR_DVA,nivel_usd_mi,324.424
VNM,2007,EXGR_DVA,nivel_usd_mi,421.926
VNM,2008,EXGR_DVA,nivel_usd_mi,1805.465
VNM,2009,EXGR_DVA,nivel_usd_mi,2443.452
VNM,2010,EXGR_DVA,nivel_usd_mi,3241.787
VNM,2011,EXGR_DVA,nivel_usd_mi,5337.472
VNM,2012,EXGR_DVA,nivel_usd_mi,11304.576
VNM,2013,EXGR_DVA,nivel_usd_mi,16524.87
VNM,2014,EXGR_DVA,nivel_usd_mi,17692.269
VNM,2015,EXGR_DVA,nivel_usd_mi,23222.989
VNM,2016,EXGR_DVA,nivel_usd_mi,26617.929
VNM,2017,EXGR_DVA,nivel_usd_mi,32265.958
VNM,2018,EXGR_DVA,nivel_usd_mi,37613.664
VNM,2019,EXGR_DVA,nivel_usd_mi,40460.579
VNM,2020,EXGR_DVA,nivel_usd_mi,45231.832
VNM,2021,EXGR_DVA,nivel_usd_mi,51741.179
VNM,2022,EXGR_DVA,nivel_usd_mi,59445.778
VNM,2005,EXGR_DVA,share_%,50.09
VNM,2006,EXGR_DVA,share_%,50.362
VNM,2007,EXGR_DVA,share_%,49.204
VNM,2008,EXGR_DVA,share_%,44.15
VNM,2009,EXGR_DVA,share_%,48.253
VNM,2010,EXGR_DVA,share_%,53.899
VNM,2011,EXGR_DVA,share_%,54.76
VNM,2012,EXGR_DVA,share_%,51.784
VNM,2013,EXGR_DVA,share_%,53.791
VNM,2014,EXGR_DVA,share_%,53.716
VNM,2015,EXGR_DVA,share_%,50.978
VNM,2016,EXGR_DVA,share_%,50.694
VNM,2017,EXGR_DVA,share_%,47.201
VNM,2018,EXGR_DVA,share_%,48.164
VNM,2019,EXGR_DVA,share_%,46.014
VNM,2020,EXGR_DVA,share_%,44.568
VNM,2021,EXGR_DVA,share_%,43.438
VNM,2022,EXGR_DVA,share_%,44.205
VNM,2005,EXGR_FVA,nivel_usd_mi,258.672
VNM,2006,EXGR_FVA,nivel_usd_mi,319.763
VNM,2007,EXGR_FVA,nivel_usd_mi,435.569
VNM,2008,EXGR_FVA,nivel_usd_mi,2283.909
VNM,2009,EXGR_FVA,nivel_usd_mi,2620.336
VNM,2010,EXGR_FVA,nivel_usd_mi,2772.729
VNM,2011,EXGR_FVA,nivel_usd_mi,4409.505
VNM,2012,EXGR_FVA,nivel_usd_mi,10525.711
VNM,2013,EXGR_FVA,nivel_usd_mi,14195.519
VNM,2014,EXGR_FVA,nivel_usd_mi,15244.402
VNM,2015,EXGR_FVA,nivel_usd_mi,22331.935
VNM,2016,EXGR_FVA,nivel_usd_mi,25888.741
VNM,2017,EXGR_FVA,nivel_usd_mi,36093.045
VNM,2018,EXGR_FVA,nivel_usd_mi,40480.574
VNM,2019,EXGR_FVA,nivel_usd_mi,47470.7
VNM,2020,EXGR_FVA,nivel_usd_mi,56256.925
VNM,2021,EXGR_FVA,nivel_usd_mi,67374.361
VNM,2022,EXGR_FVA,nivel_usd_mi,75031.699
VNM,2005,EXGR_FVA,share_%,49.91
VNM,2006,EXGR_FVA,share_%,49.638
VNM,2007,EXGR_FVA,share_%,50.796
VNM,2008,EXGR_FVA,share_%,55.85
VNM,2009,EXGR_FVA,share_%,51.747
VNM,2010,EXGR_FVA,share_%,46.101
VNM,2011,EXGR_FVA,share_%,45.24
VNM,2012,EXGR_FVA,share_%,48.216
VNM,2013,EXGR_FVA,share_%,46.209
VNM,2014,EXGR_FVA,share_%,46.284
VNM,2015,EXGR_FVA,share_%,49.022
VNM,2016,EXGR_FVA,share_%,49.306
VNM,2017,EXGR_FVA,share_%,52.799
VNM,2018,EXGR_FVA,share_%,51.836
VNM,2019,EXGR_FVA,share_%,53.986
VNM,2020,EXGR_FVA,share_%,55.432
VNM,2021,EXGR_FVA,share_%,56.562
VNM,2022,EXGR_FVA,share_%,55.795
VNM,2005,EXGR_INT,nivel_usd_mi,232.157
VNM,2006,EXGR_INT,nivel_usd_mi,302.875
VNM,2007,EXGR_INT,nivel_usd_mi,399.489
VNM,2008,EXGR_INT,nivel_usd_mi,1907.92
VNM,2009,EXGR_INT,nivel_usd_mi,2387.462
VNM,2010,EXGR_INT,nivel_usd_mi,2751.337
VNM,2011,EXGR_INT,nivel_usd_mi,4402.146
VNM,2012,EXGR_INT,nivel_usd_mi,10490.5
VNM,2013,EXGR_INT,nivel_usd_mi,14162.675
VNM,2014,EXGR_INT,nivel_usd_mi,15071.339
VNM,2015,EXGR_INT,nivel_usd_mi,21870.716
VNM,2016,EXGR_INT,nivel_usd_mi,26560.84
VNM,2017,EXGR_INT,nivel_usd_mi,37136.174
VNM,2018,EXGR_INT,nivel_usd_mi,42057.665
VNM,2019,EXGR_INT,nivel_usd_mi,47469.123
VNM,2020,EXGR_INT,nivel_usd_mi,56470.67
VNM,2021,EXGR_INT,nivel_usd_mi,65711.674
VNM,2022,EXGR_INT,nivel_usd_mi,71381.676
