grupo,ano,HHI,maior_origem_%,n_origens
TOTAL,1995,852.0,19.2,210
TOTAL,1996,818.0,19.5,208
TOTAL,1997,803.0,19.1,205
TOTAL,1998,800.0,18.8,209
TOTAL,1999,803.0,19.0,211
TOTAL,2000,791.0,19.0,217
TOTAL,2001,790.0,19.0,219
TOTAL,2002,768.0,17.7,218
TOTAL,2003,750.0,17.3,219
TOTAL,2004,754.0,17.1,219
TOTAL,2005,762.0,17.0,220
TOTAL,2006,763.0,16.0,220
TOTAL,2007,779.0,16.9,221
TOTAL,2008,745.0,16.5,221
TOTAL,2009,814.0,19.3,220
TOTAL,2010,833.0,19.5,220
TOTAL,2011,785.0,18.4,222
TOTAL,2012,821.0,19.0,224
TOTAL,2013,862.0,19.7,223
TOTAL,2014,887.0,20.2,221
TOTAL,2015,932.0,21.8,222
TOTAL,2016,912.0,21.4,222
TOTAL,2017,926.0,21.9,222
TOTAL,2018,912.0,21.6,223
TOTAL,2019,825.0,18.4,223
TOTAL,2020,810.0,19.0,223
TOTAL,2021,795.0,18.5,222
TOTAL,2022,775.0,17.1,223
TOTAL,2023,747.0,15.2,222
TOTAL,2024,720.0,15.2,223
SEMICOND,1995,1424.0,26.9,102
SEMICOND,1996,1272.0,23.2,110
SEMICOND,1997,1190.0,20.9,112
SEMICOND,1998,1071.0,17.2,103
SEMICOND,1999,1138.0,18.2,115
SEMICOND,2000,1083.0,16.8,122
SEMICOND,2001,980.0,15.3,121
SEMICOND,2002,986.0,16.5,118
SEMICOND,2003,928.0,14.7,112
SEMICOND,2004,944.0,15.5,121
SEMICOND,2005,908.0,15.0,126
SEMICOND,2006,932.0,17.0,134
SEMICOND,2007,936.0,18.1,132
SEMICOND,2008,984.0,19.0,140
SEMICOND,2009,921.0,16.3,123
SEMICOND,2010,938.0,14.5,127
SEMICOND,2011,1086.0,20.0,122
SEMICOND,2012,1210.0,25.2,117
SEMICOND,2013,1236.0,23.7,117
SEMICOND,2014,1245.0,24.2,120
SEMICOND,2015,1608.0,34.4,124
SEMICOND,2016,1682.0,35.6,126
SEMICOND,2017,1676.0,35.5,132
SEMICOND,2018,2026.0,40.5,135
SEMICOND,2019,2271.0,44.4,120
SEMICOND,2020,2311.0,44.5,122
SEMICOND,2021,2151.0,42.5,133
SEMICOND,2022,1464.0,30.3,139
SEMICOND,2023,1253.0,24.9,126
SEMICOND,2024,1441.0,26.2,119
