pais,producao_2024_t,producao_2025_t,share_producao_2025_%,reservas_t,share_reservas_%,reservas_nd
China,270000.0,270000.0,69.2,44000000.0,51.8,
Brasil,560.0,2000.0,0.5,21000000.0,24.7,
Austrália,29000.0,29000.0,7.4,6300000.0,7.4,
Rússia,2600.0,2600.0,0.7,3800000.0,4.5,
Vietnã,300.0,150.0,0.0,3500000.0,4.1,
Estados Unidos,45500.0,51000.0,13.1,1900000.0,2.2,
Groenlândia,,,,1500000.0,1.8,
Tanzânia,,,,890000.0,1.0,
África do Sul,,,,860000.0,1.0,
Canadá,,,,830000.0,1.0,
Malásia,140.0,110.0,0.0,710000.0,0.8,
Mianmar,27000.0,22000.0,5.6,,,n.d.
Tailândia,2100.0,4800.0,1.2,,,n.d.
Índia,2900.0,2900.0,0.7,,,n.d.
Madagascar,1400.0,2700.0,0.7,,,n.d.
Nigéria,1500.0,1500.0,0.4,,,n.d.
Outros,1000.0,550.0,0.1,,,n.d.
Total mundial,380000.0,390000.0,100.0,85000000.0,100.0,
